{
    "epoch": 3.0,
    "final_eval_loss": 2.0167574882507324,
    "final_eval_ppl": 7.513921412228521,
    "total_flos": 1.7259016473532754e+18,
    "total_tokens": 12714132,
    "total_training_time_min": 1351.44,
    "total_training_time_sec": 81086.19,
    "train_loss": 1.8212728537657115,
    "train_runtime": 80974.9543,
    "train_samples_per_second": 1.743,
    "train_steps_per_second": 0.109
}